service,vehicle_type,vehicle_make,part_brand,description,source,source_url,price
brake_pads,sedan,,Duralast,Semi-metallic pad set,AutoZone,,35
brake_pads,sedan,,Akebono,ProACT ceramic pad set,RockAuto,,65
brake_pads,crossover,,Duralast,Semi-metallic pad set,AutoZone,,45
brake_pads,crossover,,Akebono,ProACT ceramic pad set,RockAuto,,75
brake_pads,suv,,Duralast,Semi-metallic pad set,AutoZone,,55
brake_pads,suv,,Akebono,ProACT ceramic pad set,RockAuto,,90
brake_pads,truck,,Duralast,Semi-metallic pad set,AutoZone,,65
brake_pads,truck,,Akebono,ProACT ceramic pad set,RockAuto,,110
brake_pads,european,,Duralast,Semi-metallic pad set,AutoZone,,70
brake_pads,european,,Akebono,EURO ceramic pad set,RockAuto,,140
brake_rotors,sedan,,Duralast,Standard rotor pair,AutoZone,,70
brake_rotors,sedan,,Bosch,QuietCast rotor pair,RockAuto,,130
brake_rotors,crossover,,Duralast,Standard rotor pair,AutoZone,,90
brake_rotors,crossover,,Bosch,QuietCast rotor pair,RockAuto,,160
brake_rotors,suv,,Duralast,Standard rotor pair,AutoZone,,110
brake_rotors,suv,,Bosch,QuietCast rotor pair,RockAuto,,200
brake_rotors,truck,,Duralast,Standard rotor pair,AutoZone,,140
brake_rotors,truck,,Bosch,QuietCast rotor pair,RockAuto,,240
brake_rotors,european,,Duralast,Standard rotor pair,AutoZone,,160
brake_rotors,european,,Zimmermann,Coated rotor pair,RockAuto,,320
suspension,sedan,,Monroe,Strut/shock pair,AutoZone,,150
suspension,sedan,,KYB,Excel-G strut/shock pair,RockAuto,,280
suspension,crossover,,Monroe,Strut/shock pair,AutoZone,,190
suspension,crossover,,KYB,Excel-G strut/shock pair,RockAuto,,340
suspension,suv,,Monroe,Strut/shock pair,AutoZone,,230
suspension,suv,,KYB,Excel-G strut/shock pair,RockAuto,,420
suspension,truck,,Monroe,Strut/shock pair,AutoZone,,280
suspension,truck,,Bilstein,5100 series strut/shock pair,RockAuto,,500
suspension,european,,Monroe,Strut/shock pair,AutoZone,,320
suspension,european,,Sachs,OE-matched strut/shock pair,RockAuto,,650
oil_change,sedan,,Duralast,Conventional oil + filter,AutoZone,,35
oil_change,sedan,,Mobil 1,Full synthetic oil + filter,AutoZone,,55
oil_change,crossover,,Duralast,Conventional oil + filter,AutoZone,,40
oil_change,crossover,,Mobil 1,Full synthetic oil + filter,AutoZone,,60
oil_change,suv,,Duralast,Conventional oil + filter,AutoZone,,45
oil_change,suv,,Mobil 1,Full synthetic oil + filter,AutoZone,,70
oil_change,truck,,Duralast,Conventional oil + filter,AutoZone,,50
oil_change,truck,,Mobil 1,Full synthetic oil + filter,AutoZone,,80
oil_change,european,,Duralast,Conventional oil + filter,AutoZone,,65
oil_change,european,,Liqui Moly,Full synthetic oil + OE filter,RockAuto,,110
spark_plugs,sedan,,Champion,Copper plug set,AutoZone,,25
spark_plugs,sedan,,NGK,Iridium plug set,RockAuto,,55
spark_plugs,crossover,,Champion,Copper plug set,AutoZone,,30
spark_plugs,crossover,,NGK,Iridium plug set,RockAuto,,60
spark_plugs,suv,,Champion,Copper plug set,AutoZone,,35
spark_plugs,suv,,NGK,Iridium plug set,RockAuto,,70
spark_plugs,truck,,Champion,Copper plug set (V8),AutoZone,,45
spark_plugs,truck,,NGK,Iridium plug set (V8),RockAuto,,90
spark_plugs,european,,Bosch,Copper plug set,AutoZone,,55
spark_plugs,european,,NGK,Iridium plug set,RockAuto,,120
alternator,sedan,,Duralast,Reman alternator,AutoZone,,130
alternator,sedan,,Bosch,New OE alternator,RockAuto,,220
alternator,crossover,,Duralast,Reman alternator,AutoZone,,150
alternator,crossover,,Bosch,New OE alternator,RockAuto,,250
alternator,suv,,Duralast,Reman alternator,AutoZone,,170
alternator,suv,,Bosch,New OE alternator,RockAuto,,280
alternator,truck,,Duralast,Reman alternator,AutoZone,,190
alternator,truck,,Bosch,New OE alternator,RockAuto,,320
alternator,european,,Duralast,Reman alternator,AutoZone,,260
alternator,european,,Bosch,New OE alternator,RockAuto,,480
belt_replacement,sedan,,Duralast,Serpentine belt,AutoZone,,18
belt_replacement,sedan,,Gates,Serpentine belt,RockAuto,,35
belt_replacement,crossover,,Duralast,Serpentine belt,AutoZone,,20
belt_replacement,crossover,,Gates,Serpentine belt,RockAuto,,38
belt_replacement,suv,,Duralast,Serpentine belt,AutoZone,,22
belt_replacement,suv,,Gates,Serpentine belt,RockAuto,,42
belt_replacement,truck,,Duralast,Serpentine belt,AutoZone,,25
belt_replacement,truck,,Gates,Serpentine belt,RockAuto,,48
belt_replacement,european,,Duralast,Serpentine belt,AutoZone,,30
belt_replacement,european,,Continental,Serpentine belt,RockAuto,,60
air_filter,sedan,,Duralast,Engine air filter,AutoZone,,12
air_filter,sedan,,K&N,Washable panel filter,RockAuto,,25
air_filter,crossover,,Duralast,Engine air filter,AutoZone,,14
air_filter,crossover,,K&N,Washable panel filter,RockAuto,,28
air_filter,suv,,Duralast,Engine air filter,AutoZone,,16
air_filter,suv,,K&N,Washable panel filter,RockAuto,,30
air_filter,truck,,Duralast,Engine air filter,AutoZone,,18
air_filter,truck,,K&N,Washable panel filter,RockAuto,,32
air_filter,european,,Duralast,Engine air filter,AutoZone,,20
air_filter,european,,Mann-Filter,OE-style panel filter,RockAuto,,38
