service,vehicle_type,vehicle_make,part_brand,description,source,source_url,price,unit,notes
brake_pads,sedan,,,,,,,per axle,Price = pad set for one axle
brake_pads,crossover,,,,,,,per axle,Price = pad set for one axle
brake_pads,suv,,,,,,,per axle,Price = pad set for one axle
brake_pads,truck,,,,,,,per axle,Price = pad set for one axle
brake_pads,european,,,,,,,per axle,Price = pad set for one axle
brake_rotors,sedan,,,,,,,per axle,Price = two rotors
brake_rotors,crossover,,,,,,,per axle,Price = two rotors
brake_rotors,suv,,,,,,,per axle,Price = two rotors
brake_rotors,truck,,,,,,,per axle,Price = two rotors
brake_rotors,european,,,,,,,per axle,Price = two rotors
suspension,sedan,,,,,,,per axle,Price = pair of struts or shocks
suspension,crossover,,,,,,,per axle,Price = pair of struts or shocks
suspension,suv,,,,,,,per axle,Price = pair of struts or shocks
suspension,truck,,,,,,,per axle,Price = pair of struts or shocks
suspension,european,,,,,,,per axle,Price = pair of struts or shocks
oil_change,sedan,,,,,,,per job,Price = oil for the engine's capacity + filter
oil_change,crossover,,,,,,,per job,Price = oil for the engine's capacity + filter
oil_change,suv,,,,,,,per job,Price = oil for the engine's capacity + filter
oil_change,truck,,,,,,,per job,Price = oil for the engine's capacity + filter
oil_change,european,,,,,,,per job,Price = oil for the engine's capacity + filter
spark_plugs,sedan,,,,,,,per job,Price = full set of plugs
spark_plugs,crossover,,,,,,,per job,Price = full set of plugs
spark_plugs,suv,,,,,,,per job,Price = full set of plugs
spark_plugs,truck,,,,,,,per job,Price = full set of plugs
spark_plugs,european,,,,,,,per job,Price = full set of plugs
alternator,sedan,,,,,,,per job,Price = alternator (new or reman)
alternator,crossover,,,,,,,per job,Price = alternator (new or reman)
alternator,suv,,,,,,,per job,Price = alternator (new or reman)
alternator,truck,,,,,,,per job,Price = alternator (new or reman)
alternator,european,,,,,,,per job,Price = alternator (new or reman)
belt_replacement,sedan,,,,,,,per job,Price = serpentine belt
belt_replacement,crossover,,,,,,,per job,Price = serpentine belt
belt_replacement,suv,,,,,,,per job,Price = serpentine belt
belt_replacement,truck,,,,,,,per job,Price = serpentine belt
belt_replacement,european,,,,,,,per job,Price = serpentine belt
air_filter,sedan,,,,,,,per job,Price = engine air filter
air_filter,crossover,,,,,,,per job,Price = engine air filter
air_filter,suv,,,,,,,per job,Price = engine air filter
air_filter,truck,,,,,,,per job,Price = engine air filter
air_filter,european,,,,,,,per job,Price = engine air filter
