zip,lat,lng,city,status,note
80002,39.7950,-105.0980,Arvada,,
80003,39.8280,-105.0650,Arvada,,
80004,39.8140,-105.1240,Arvada,,
80005,39.8510,-105.1290,Arvada,,
80010,39.7370,-104.8640,Aurora,,
80011,39.7400,-104.7900,Aurora,,
80012,39.6990,-104.8370,Aurora,,
80013,39.6570,-104.7840,Aurora,,
80014,39.6630,-104.8350,Aurora,,
80015,39.6260,-104.7810,Aurora,,
80016,39.6010,-104.7210,Aurora,,
80017,39.6970,-104.7860,Aurora,,
80020,39.9240,-105.0620,Broomfield,,
80022,39.8650,-104.8360,Commerce City,,
80023,39.9620,-105.0140,Broomfield,,
80026,40.0130,-105.1000,Lafayette,,
80027,39.9530,-105.1580,Louisville,,
80030,39.8290,-105.0360,Westminster,,
80031,39.8760,-105.0340,Westminster,,
80102,39.7450,-104.4300,Bennett,,
80104,39.3720,-104.8560,Castle Rock,,
80107,39.3700,-104.5950,Elizabeth,,
80108,39.4400,-104.8530,Castle Rock,,
80109,39.3650,-104.9010,Castle Rock,,
80110,39.6450,-105.0090,Englewood,,
80111,39.6110,-104.8790,Englewood,,
80112,39.5770,-104.8510,Englewood,,
80113,39.6420,-104.9620,Englewood,,
80120,39.5990,-105.0040,Littleton,,
80121,39.6100,-104.9530,Littleton,,
80122,39.5810,-104.9550,Littleton,,
80123,39.6160,-105.0690,Littleton,,
80126,39.5440,-104.9690,Highlands Ranch,,
80128,39.5630,-105.0800,Littleton,,
80129,39.5460,-105.0110,Highlands Ranch,,
80130,39.5310,-104.9250,Highlands Ranch,,
80134,39.4890,-104.7520,Parker,,
80138,39.5190,-104.6630,Parker,,
80202,39.7525,-104.9995,Denver,,
80203,39.7313,-104.9817,Denver,,
80204,39.7340,-105.0259,Denver,,
80205,39.7590,-104.9660,Denver,,
80206,39.7310,-104.9530,Denver,,
80207,39.7590,-104.9180,Denver,,
80209,39.7070,-104.9680,Denver,,
80210,39.6790,-104.9630,Denver,,
80211,39.7660,-105.0200,Denver,,
80212,39.7710,-105.0480,Denver,,
80214,39.7430,-105.0700,Lakewood,,
80215,39.7440,-105.1150,Lakewood,,
80216,39.7850,-104.9660,Denver,,
80218,39.7310,-104.9710,Denver,,
80219,39.6960,-105.0340,Denver,,
80220,39.7330,-104.9170,Denver,,
80221,39.8150,-105.0110,Denver,,
80222,39.6710,-104.9280,Denver,,
80223,39.7000,-105.0040,Denver,,
80224,39.6880,-104.9110,Denver,,
80226,39.7100,-105.0900,Lakewood,,
80227,39.6670,-105.0850,Denver,,
80228,39.6920,-105.1580,Lakewood,,
80229,39.8560,-104.9600,Thornton,,
80230,39.7180,-104.8960,Denver,,
80231,39.6720,-104.8890,Denver,,
80232,39.6910,-105.0910,Lakewood,,
80233,39.8990,-104.9450,Thornton,,
80235,39.6460,-105.0900,Denver,,
80237,39.6420,-104.8980,Denver,,
80238,39.7740,-104.8800,Denver,,
80239,39.7880,-104.8290,Denver,,
80241,39.9290,-104.9530,Thornton,,
80246,39.7050,-104.9330,Denver,,
80247,39.6970,-104.8810,Denver,,
80249,39.7790,-104.7340,Denver,,
80260,39.8670,-105.0050,Thornton,,
80301,40.0480,-105.2000,Boulder,,
80303,39.9910,-105.2210,Boulder,,
80401,39.7200,-105.2290,Golden,,
80403,39.8250,-105.2850,Golden,contact,Foothill roads: we quote these by hand
80439,39.6280,-105.3420,Evergreen,contact,Foothill roads: we quote these by hand
80465,39.6080,-105.2050,Morrison,contact,Foothill roads: we quote these by hand
80501,40.1640,-105.1000,Longmont,,
80516,40.0420,-105.0430,Erie,,
80601,39.9640,-104.8000,Brighton,,
80602,39.9640,-104.9080,Brighton,,
